rank,key,score,net_return,final_equity,max_drawdown,trades,win_rate,profit_factor,fees,daily_sharpe,exposure,halted,start,end,bars,positive_quarter_fraction
1,breakout_4h_20_10_atr2,0.07361725327885787,0.10077260383465192,11007.72603834652,0.046147420683422036,129,0.4263565891472868,1.3325510754898946,459.06780701005687,0.8256715369223708,0.27604562737642585,False,2022-01-01T00:00:00+00:00,2024-12-31T20:00:00+00:00,6575,0.5
2,breakout_4h_40_20_atr3,0.07073937312648335,0.08177237534700899,10817.72375347009,0.04356178607380723,72,0.4583333333333333,1.5037093959471397,175.75752743079886,0.9214242990676285,0.29703422053231937,False,2022-01-01T00:00:00+00:00,2024-12-31T20:00:00+00:00,6575,0.6666666666666666
3,breakout_4h_40_20_atr2,0.050501881725904384,0.06454282741071937,10645.428274107195,0.04531963109498971,88,0.42045454545454547,1.2781220231203723,302.82677986386074,0.5916724214054707,0.24775665399239544,False,2022-01-01T00:00:00+00:00,2024-12-31T20:00:00+00:00,6575,0.5833333333333334
4,ema_1h_50_200_atr3,0.043825383196170166,0.06315854263426379,10631.585426342637,0.04730682862355473,77,0.4155844155844156,1.306713322551093,357.1984151173941,0.6958818052171,0.11402174739563531,False,2022-01-01T00:00:00+00:00,2024-12-31T23:00:00+00:00,26302,0.6666666666666666
5,ema_4h_50_200_atr2,0.04251164307041343,0.05222040853211074,10522.204085321107,0.0160841975900613,17,0.5882352941176471,2.5033498807859034,52.93122197274616,1.03803136716963,0.08806083650190114,False,2022-01-01T00:00:00+00:00,2024-12-31T20:00:00+00:00,6575,0.4166666666666667
6,breakout_4h_80_40_atr2,0.027804971011278674,0.04474255901547575,10447.425590154759,0.03839355473724859,66,0.42424242424242425,1.2339546151398941,227.38557995293147,0.48152352084608396,0.19482889733840303,False,2022-01-01T00:00:00+00:00,2024-12-31T20:00:00+00:00,6575,0.5833333333333334
7,ema_4h_20_100_atr2,0.02719103687445647,0.03376399313308753,10337.639931330876,0.025391374493445418,37,0.43243243243243246,1.3212272284762758,120.65253340626447,0.48958944685689676,0.13079847908745248,False,2022-01-01T00:00:00+00:00,2024-12-31T20:00:00+00:00,6575,0.5833333333333334
8,ema_4h_20_50_atr2,0.019584616440651143,0.031746979615663085,10317.46979615663,0.0345347765838494,58,0.39655172413793105,1.2006212976059767,190.86836297171152,0.36248879643817844,0.17079847908745246,False,2022-01-01T00:00:00+00:00,2024-12-31T20:00:00+00:00,6575,0.5833333333333334
9,breakout_1h_120_60_atr3,0.019419772449514188,0.05856663142896612,10585.666314289661,0.06693308591208924,147,0.40816326530612246,1.1410921787785293,614.4898865518073,0.471095128189049,0.20466124249106532,False,2022-01-01T00:00:00+00:00,2024-12-31T23:00:00+00:00,26302,0.4166666666666667
10,breakout_4h_120_60_atr2,0.010274950325417198,0.02986734681644343,10298.673468164434,0.0392569562920283,55,0.41818181818181815,1.1878462046289426,185.20942626701108,0.3520755183344521,0.1574144486692015,False,2022-01-01T00:00:00+00:00,2024-12-31T20:00:00+00:00,6575,0.5
11,breakout_4h_120_60_atr3,0.009630893080295022,0.0230878099529368,10230.878099529367,0.030246984971004198,39,0.41025641025641024,1.218785379032364,89.22156735326601,0.32339072239823125,0.2361977186311787,False,2022-01-01T00:00:00+00:00,2024-12-31T20:00:00+00:00,6575,0.5
12,ema_4h_20_100_atr3,0.005254099790194977,0.01739061249634699,10173.90612496347,0.028174435331705494,37,0.35135135135135137,1.177373070888907,81.18930446851098,0.28147855088099943,0.19376425855513307,False,2022-01-01T00:00:00+00:00,2024-12-31T20:00:00+00:00,6575,0.5
13,breakout_4h_20_10_atr3,0.003733288433629134,0.024108968060457592,10241.089680604577,0.04323094405127359,112,0.39285714285714285,1.1064715082470882,263.6325873520066,0.26684823640112393,0.340532319391635,False,2022-01-01T00:00:00+00:00,2024-12-31T20:00:00+00:00,6575,0.5
14,rsi_pullback_4h_14_35_atr3,-0.0001344926375418387,0.012722517365217678,10127.225173652178,0.025822512631491046,30,0.4,1.238114907530015,64.48097803614475,0.29048782034803555,0.07604562737642585,False,2022-01-01T00:00:00+00:00,2024-12-31T20:00:00+00:00,6575,0.5
15,breakout_4h_80_40_atr3,-0.007023159681506369,0.017713530462437843,10177.135304624378,0.04353860714438751,49,0.3877551020408163,1.1287645176843093,111.67644951943352,0.23090329165543816,0.2740684410646388,False,2022-01-01T00:00:00+00:00,2024-12-31T20:00:00+00:00,6575,0.4166666666666667
16,rsi_pullback_4h_21_35_atr3,-0.007449387550517841,0.0022553360511001763,10022.553360511001,0.0060761138699026995,9,0.2222222222222222,1.2163412189499048,15.9542880451979,0.11596267118576203,0.027984790874524716,False,2022-01-01T00:00:00+00:00,2024-12-31T20:00:00+00:00,6575,0.16666666666666666
17,rsi_pullback_4h_21_35_atr2,-0.008450960209371874,0.002643985137061655,10026.439851370616,0.008856557359533723,9,0.2222222222222222,1.1705559251609219,23.28009306069852,0.10659015628669605,0.016730038022813688,False,2022-01-01T00:00:00+00:00,2024-12-31T20:00:00+00:00,6575,0.16666666666666666
18,ema_4h_50_200_atr3,-0.017894481996959935,0.0010664478031328084,10010.664478031327,0.023077477317132167,17,0.35294117647058826,1.0219250449939858,35.539273559061094,0.029673829162033195,0.1817490494296578,False,2022-01-01T00:00:00+00:00,2024-12-31T20:00:00+00:00,6575,0.16666666666666666
19,ema_4h_20_50_atr3,-0.019608167491629063,-0.004218084439951086,9957.81915560049,0.039641038095880377,58,0.27586206896551724,0.969253249342381,128.85755729054804,-0.04271924275095328,0.24669201520912548,False,2022-01-01T00:00:00+00:00,2024-12-31T20:00:00+00:00,6575,0.5833333333333334
20,ema_4h_10_50_atr3,-0.02027302441246448,0.005464076243539173,10054.640762435392,0.04872375539196516,87,0.27586206896551724,1.030370096195496,193.930368872327,0.07832882185607107,0.2643346007604563,False,2022-01-01T00:00:00+00:00,2024-12-31T20:00:00+00:00,6575,0.5
21,rsi_pullback_4h_14_30_atr3,-0.02192733229547414,-0.00712739335725332,9928.726066427467,0.012933211209774975,11,0.18181818181818182,0.635563503483957,20.925518362633003,-0.3123628475842894,0.017034220532319393,False,2022-01-01T00:00:00+00:00,2024-12-31T20:00:00+00:00,6575,0.08333333333333333
22,breakout_1h_80_40_atr3,-0.022108077940954336,0.022283266048143124,10222.832660481432,0.0687550319756084,181,0.3867403314917127,1.0454971311404087,743.1788311133303,0.17621748114794242,0.23994373051478976,False,2022-01-01T00:00:00+00:00,2024-12-31T23:00:00+00:00,26302,0.4166666666666667
23,rsi_pullback_4h_14_30_atr2,-0.026295522974277313,-0.009276836042923953,9907.23163957076,0.01737070719604006,11,0.18181818181818182,0.6521089391205382,30.445953393607365,-0.2954290341932996,0.016730038022813688,False,2022-01-01T00:00:00+00:00,2024-12-31T20:00:00+00:00,6575,0.08333333333333333
24,rsi_pullback_4h_14_35_atr2,-0.02782833636223573,-0.006340817888380146,9936.591821116199,0.0363083702810445,34,0.3235294117647059,0.9264946400337197,103.51208473559903,-0.097798078245513,0.06980988593155893,False,2022-01-01T00:00:00+00:00,2024-12-31T20:00:00+00:00,6575,0.3333333333333333
25,ema_4h_10_50_atr2,-0.039644002907904,-0.003482894062522779,9965.171059374772,0.06127900883417481,87,0.3103448275862069,0.9840151021963358,276.2091599170746,-0.02129380153648687,0.20486692015209126,False,2022-01-01T00:00:00+00:00,2024-12-31T20:00:00+00:00,6575,0.4166666666666667
26,ema_1h_20_100_atr3,-0.07023501060576753,-0.026988822925644307,9730.111770743557,0.08644143613839816,159,0.32075471698113206,0.9323184473514289,696.1321972358444,-0.20889234679789914,0.18762831723823284,False,2022-01-01T00:00:00+00:00,2024-12-31T23:00:00+00:00,26302,0.5
27,rsi_pullback_1h_14_30_atr3,-0.07261687837503397,-0.04298884226126387,9570.11157738736,0.04703408054714775,34,0.17647058823529413,0.4326391090370879,144.57043147695896,-1.0915065661623589,0.015360048665500722,False,2022-01-01T00:00:00+00:00,2024-12-31T23:00:00+00:00,26302,0.3333333333333333
28,rsi_pullback_1h_21_35_atr3,-0.07835519335465714,-0.04430908661141131,9556.909133885887,0.045447516440073055,27,0.1111111111111111,0.28432538039518496,118.30183695119169,-1.305181216074341,0.013763211923047677,False,2022-01-01T00:00:00+00:00,2024-12-31T23:00:00+00:00,26302,0.16666666666666666
29,rsi_pullback_1h_14_35_atr3,-0.07950437951668084,-0.044410624103542795,9555.893758964572,0.04519363681519439,74,0.32432432432432434,0.6986255933344736,304.25446029675226,-0.7478189126501504,0.034598129419815986,False,2022-01-01T00:00:00+00:00,2024-12-31T23:00:00+00:00,26302,0.16666666666666666
30,rsi_pullback_4h_7_25_atr3,-0.08353251584127512,-0.045767043555171916,9542.32956444828,0.049657277189281035,37,0.35135135135135137,0.4360879245640849,80.34356894956704,-1.148872109366464,0.04273764258555133,False,2022-01-01T00:00:00+00:00,2024-12-31T20:00:00+00:00,6575,0.0
31,rsi_pullback_4h_7_25_atr2,-0.09262362381318037,-0.05296216411802357,9470.378358819764,0.05858168110260009,40,0.325,0.4992797240103374,124.48389857029076,-1.0387836269555357,0.03923954372623574,False,2022-01-01T00:00:00+00:00,2024-12-31T20:00:00+00:00,6575,0.08333333333333333
32,rsi_pullback_1h_21_35_atr2,-0.09422082781236242,-0.052179248832214364,9478.207511677856,0.059961519019138265,27,0.14814814814814814,0.3368694938697331,163.6351548646024,-1.3940218410070826,0.010227359136187362,False,2022-01-01T00:00:00+00:00,2024-12-31T23:00:00+00:00,26302,0.16666666666666666
33,ema_1h_50_200_atr2,-0.09796335699028769,-0.055780342750967216,9442.196572490328,0.0591836692202401,77,0.3246753246753247,0.7644836279495248,459.02731583994523,-0.6364655292274181,0.05406432970876739,False,2022-01-01T00:00:00+00:00,2024-12-31T23:00:00+00:00,26302,0.25
34,rsi_pullback_1h_14_30_atr2,-0.10460979559618401,-0.06003817542640044,9399.618245735996,0.06498966099640047,35,0.17142857142857143,0.4147727155298124,204.3353928715428,-1.3533630788428723,0.01372519200060832,False,2022-01-01T00:00:00+00:00,2024-12-31T23:00:00+00:00,26302,0.16666666666666666
35,rsi_pullback_1h_14_35_atr2,-0.11508096690044846,-0.06696376348758715,9330.362365124129,0.06818814707495313,78,0.2948717948717949,0.6644881694069665,445.99005720283986,-0.8729066347811092,0.032240894228575775,False,2022-01-01T00:00:00+00:00,2024-12-31T23:00:00+00:00,26302,0.16666666666666666
36,rsi_pullback_1h_7_25_atr3,-0.1506660908604772,-0.08704411218722452,9129.558878127755,0.09298643141269103,106,0.41509433962264153,0.5034540284006255,454.45431042062046,-1.7065561260923383,0.04003497832864421,False,2022-01-01T00:00:00+00:00,2024-12-31T23:00:00+00:00,26302,0.08333333333333333
37,breakout_1h_120_60_atr2,-0.15483355120330114,-0.0902052442392447,9097.947557607553,0.10050733024092207,148,0.34459459459459457,0.7933426577385158,794.3923776051007,-0.7637949787010196,0.09774922059159,True,2022-01-01T00:00:00+00:00,2024-12-31T23:00:00+00:00,26302,0.3333333333333333
38,ema_1h_20_50_atr3,-0.16237415030891383,-0.09815615095225894,9018.43849047741,0.10008444875012235,121,0.21487603305785125,0.6584614822674026,485.1008281169403,-1.045749000238957,0.11577066382784579,True,2022-01-01T00:00:00+00:00,2024-12-31T23:00:00+00:00,26302,0.25
39,breakout_1h_80_40_atr2,-0.16680688612803507,-0.0996111560842845,9003.888439157156,0.10101617581365685,60,0.23333333333333334,0.5088323683699637,298.94240728480315,-1.4308896047061013,0.04349479127062581,True,2022-01-01T00:00:00+00:00,2024-12-31T23:00:00+00:00,26302,0.25
40,rsi_pullback_1h_7_25_atr2,-0.16701009858125013,-0.09620076262901434,9037.992373709856,0.10094303001178151,94,0.40425531914893614,0.499790003887428,542.7126212099059,-1.6188458221734348,0.03292525283248422,True,2022-01-01T00:00:00+00:00,2024-12-31T23:00:00+00:00,26302,0.08333333333333333
41,breakout_1h_20_10_atr3,-0.16748061382101592,-0.09427415167489417,9057.258483251058,0.10064040528269502,206,0.32524271844660196,0.7904247416191387,808.3697217235227,-0.7932443156176507,0.15721237928674625,True,2022-01-01T00:00:00+00:00,2024-12-31T23:00:00+00:00,26302,0.25
42,breakout_1h_40_20_atr3,-0.16857765178143663,-0.09932460493702255,9006.753950629774,0.10177503735421356,141,0.3120567375886525,0.7393343364130873,595.8246030170629,-0.9027872189272531,0.1296859554406509,True,2022-01-01T00:00:00+00:00,2024-12-31T23:00:00+00:00,26302,0.25
43,ema_1h_20_100_atr2,-0.16990345651795605,-0.09408481409157066,9059.151859084293,0.10097964684067884,79,0.26582278481012656,0.612381944554163,425.5908932396666,-1.080341555575302,0.06337921070641016,True,2022-01-01T00:00:00+00:00,2024-12-31T23:00:00+00:00,26302,0.08333333333333333
44,breakout_1h_20_10_atr2,-0.17057208676943814,-0.09018106735946896,9098.18932640531,0.10131909002204664,92,0.29347826086956524,0.6201786793142201,403.5410308028857,-1.0270015694756276,0.05953919854003498,True,2022-01-01T00:00:00+00:00,2024-12-31T23:00:00+00:00,26302,0.16666666666666666
45,breakout_1h_40_20_atr2,-0.1710972676070578,-0.09809258751392103,9019.07412486079,0.10088084782122497,75,0.28,0.5549448837332227,346.39093447503296,-1.2661234169515336,0.04665044483309254,True,2022-01-01T00:00:00+00:00,2024-12-31T23:00:00+00:00,26302,0.25
46,ema_1h_10_50_atr3,-0.17188068686844557,-0.1001718178523211,8998.281821476789,0.10076105766033361,96,0.20833333333333334,0.5411494493687228,313.54714574203706,-1.3379425215141145,0.06763744201961829,True,2022-01-01T00:00:00+00:00,2024-12-31T23:00:00+00:00,26302,0.4166666666666667
47,ema_1h_20_50_atr2,-0.18762583714965406,-0.10325706048575989,8967.4293951424,0.10325706048575989,65,0.2,0.48149713616735085,289.00755115342173,-1.3479260009357783,0.04684054444528933,True,2022-01-01T00:00:00+00:00,2024-12-31T23:00:00+00:00,26302,0.08333333333333333
48,ema_1h_10_50_atr2,-0.1957884240058077,-0.09974953534738562,9002.504646526144,0.10089883763052476,59,0.2033898305084746,0.4081098975978002,268.72357607831,-1.45367523679474,0.0397688388715687,True,2022-01-01T00:00:00+00:00,2024-12-31T23:00:00+00:00,26302,0.16666666666666666
